ebay_isbn,link,E price,A price,amazon_isbn,amazon_link,offer_type
9781400226320,https://www.ebay.com/itm/374363293055?epid=20050382510&hash=item5729ca857f%3Ag%3AT5oAAOSw-M9jeQVc&amdata=enc%3AAQAIAAAA4P29t9JUNs%2BW9gGWLyU%2FpBf%2F1%2FIkzo3zBSx8H5LQ%2BZfM%2BAkO5il25QEgTCPygW%2BRmpaQ%2FGrNtS2wPPQKVjB2c5YVFTACYqXjjgb9kO4wOwOCQKvVPdLwkMYxK1XNpBspDpQxE2g7ndYuYI6lfca7%2BMtKXF4DXwTtVV7r61OzcNOWQt4o18Hb0FmpjeLKG4Hm2fJt3Ki9HyaKm5cOwgiS4LynXhtvNpuohaNZyzXEmjqtLyrODC6UCV1rFtotApFlnOCBIHyBb1ZY%2FD3S8zpBLcri3uW9EoMQzkqm0Ai%2FcJeo%7Ctkp%3ABFBMpMP0ltRi&LH_BIN=1,25.0,Price Failed,,https://amazon.com/Moods-Markets-Invest-Times-Minyanville/dp/0132947218/ref=sr_1_1?keywords=0132947218&qid=1694925499&sr=8-1,N/A
9781400226320,https://www.ebay.com/itm/374363293055?epid=20050382510&hash=item5729ca857f%3Ag%3AT5oAAOSw-M9jeQVc&amdata=enc%3AAQAIAAAA4P29t9JUNs%2BW9gGWLyU%2FpBf%2F1%2FIkzo3zBSx8H5LQ%2BZfM%2BAkO5il25QEgTCPygW%2BRmpaQ%2FGrNtS2wPPQKVjB2c5YVFTACYqXjjgb9kO4wOwOCQKvVPdLwkMYxK1XNpBspDpQxE2g7ndYuYI6lfca7%2BMtKXF4DXwTtVV7r61OzcNOWQt4o18Hb0FmpjeLKG4Hm2fJt3Ki9HyaKm5cOwgiS4LynXhtvNpuohaNZyzXEmjqtLyrODC6UCV1rFtotApFlnOCBIHyBb1ZY%2FD3S8zpBLcri3uW9EoMQzkqm0Ai%2FcJeo%7Ctkp%3ABFBMpMP0ltRi&LH_BIN=1,25.0,Price Failed,,https://amazon.com/Moods-Markets-Invest-Times-Minyanville-ebook/dp/B008J8RCTW/ref=sr_1_1?keywords=9780132947213&qid=1694925515&sr=8-1,N/A
9781400226320,https://www.ebay.com/itm/374363293055?epid=20050382510&hash=item5729ca857f%3Ag%3AT5oAAOSw-M9jeQVc&amdata=enc%3AAQAIAAAA4P29t9JUNs%2BW9gGWLyU%2FpBf%2F1%2FIkzo3zBSx8H5LQ%2BZfM%2BAkO5il25QEgTCPygW%2BRmpaQ%2FGrNtS2wPPQKVjB2c5YVFTACYqXjjgb9kO4wOwOCQKvVPdLwkMYxK1XNpBspDpQxE2g7ndYuYI6lfca7%2BMtKXF4DXwTtVV7r61OzcNOWQt4o18Hb0FmpjeLKG4Hm2fJt3Ki9HyaKm5cOwgiS4LynXhtvNpuohaNZyzXEmjqtLyrODC6UCV1rFtotApFlnOCBIHyBb1ZY%2FD3S8zpBLcri3uW9EoMQzkqm0Ai%2FcJeo%7Ctkp%3ABFBMpMP0ltRi&LH_BIN=1,25.0,Price Failed,,https://amazon.com/Moods-Markets-Invest-Times-Minyanville-ebook/dp/B008J8RCTW/ref=sr_1_1?keywords=9780132947213&qid=1694925515&sr=8-1,N/A
9781101947319,https://www.ebay.com/itm/275992215431?epid=239751207&hash=item40426aff87%3Ag%3AqqgAAOSwkSFk1br5&amdata=enc%3AAQAIAAAAwKeoFEZm%2BGk0BJ7BkJtKdhBI7JTnHG6YpPdJoOirKaUtXBXxOYe5Xbf%2BzvxipjBuzBTz6dBe2Pss6MeHrclVvL40dtMbrd0ZDolsru%2BfcIdJri1NdFE0OzFceKsIWLHAQbu7jSbrVzn%2BrxfwatCpzvseUXwXwrt6zqeHh%2BG5jQTCKKZ0jn4nC9WhjNEsMgVTqxxibwxIqnDNaxJnI12I2SZ5krPi%2F%2FA6TeIENUzlkJDKNc55csq8t9kjl%2FOFe358bA%3D%3D%7Ctkp%3ABk9SR6LD9JbUYg&LH_BIN=1,6.01,Price Failed,,https://amazon.com/Monk-Mokha-Dave-Eggers/dp/1101947314/ref=sr_1_1?keywords=1101947314&qid=1694925539&sr=8-1,N/A
9781101947319,https://www.ebay.com/itm/275992215431?epid=239751207&hash=item40426aff87%3Ag%3AqqgAAOSwkSFk1br5&amdata=enc%3AAQAIAAAAwKeoFEZm%2BGk0BJ7BkJtKdhBI7JTnHG6YpPdJoOirKaUtXBXxOYe5Xbf%2BzvxipjBuzBTz6dBe2Pss6MeHrclVvL40dtMbrd0ZDolsru%2BfcIdJri1NdFE0OzFceKsIWLHAQbu7jSbrVzn%2BrxfwatCpzvseUXwXwrt6zqeHh%2BG5jQTCKKZ0jn4nC9WhjNEsMgVTqxxibwxIqnDNaxJnI12I2SZ5krPi%2F%2FA6TeIENUzlkJDKNc55csq8t9kjl%2FOFe358bA%3D%3D%7Ctkp%3ABk9SR6LD9JbUYg&LH_BIN=1,6.01,Price Failed,,https://amazon.com/Monk-Mokha-Dave-Eggers/dp/1101947314/ref=sr_1_1?keywords=1101947314&qid=1694925539&sr=8-1,N/A
9781101947319,https://www.ebay.com/itm/275992215431?epid=239751207&hash=item40426aff87%3Ag%3AqqgAAOSwkSFk1br5&amdata=enc%3AAQAIAAAAwKeoFEZm%2BGk0BJ7BkJtKdhBI7JTnHG6YpPdJoOirKaUtXBXxOYe5Xbf%2BzvxipjBuzBTz6dBe2Pss6MeHrclVvL40dtMbrd0ZDolsru%2BfcIdJri1NdFE0OzFceKsIWLHAQbu7jSbrVzn%2BrxfwatCpzvseUXwXwrt6zqeHh%2BG5jQTCKKZ0jn4nC9WhjNEsMgVTqxxibwxIqnDNaxJnI12I2SZ5krPi%2F%2FA6TeIENUzlkJDKNc55csq8t9kjl%2FOFe358bA%3D%3D%7Ctkp%3ABk9SR6LD9JbUYg&LH_BIN=1,6.01,Price Failed,,https://amazon.com/sspa/click?ie=UTF8&spc=MTo1NjYyNDU0ODM0NTgxNjI0OjE2OTQ5MjU1NTc6c3BfYXRmOjMwMDAxMDM2MzQxMjMwMjo6MDo6&url=%2FDelicate-Condition-Danielle-Valentine%2Fdp%2F1728276888%2Fref%3Dsr_1_1_sspa%3Fkeywords%3DCondition%253A%26qid%3D1694925557%26sr%3D8-1-spons%26sp_csd%3Dd2lkZ2V0TmFtZT1zcF9hdGY%26psc%3D1,N/A
9781101947319,https://www.ebay.com/itm/275992215431?epid=239751207&hash=item40426aff87%3Ag%3AqqgAAOSwkSFk1br5&amdata=enc%3AAQAIAAAAwKeoFEZm%2BGk0BJ7BkJtKdhBI7JTnHG6YpPdJoOirKaUtXBXxOYe5Xbf%2BzvxipjBuzBTz6dBe2Pss6MeHrclVvL40dtMbrd0ZDolsru%2BfcIdJri1NdFE0OzFceKsIWLHAQbu7jSbrVzn%2BrxfwatCpzvseUXwXwrt6zqeHh%2BG5jQTCKKZ0jn4nC9WhjNEsMgVTqxxibwxIqnDNaxJnI12I2SZ5krPi%2F%2FA6TeIENUzlkJDKNc55csq8t9kjl%2FOFe358bA%3D%3D%7Ctkp%3ABk9SR6LD9JbUYg&LH_BIN=1,6.01,Price Failed,,https://amazon.com/sspa/click?ie=UTF8&spc=MTo1NjYyNDU0ODM0NTgxNjI0OjE2OTQ5MjU1NTc6c3BfYXRmOjMwMDAxMDM2MzQxMjMwMjo6MDo6&url=%2FDelicate-Condition-Danielle-Valentine%2Fdp%2F1728276888%2Fref%3Dsr_1_1_sspa%3Fkeywords%3DCondition%253A%26qid%3D1694925557%26sr%3D8-1-spons%26sp_csd%3Dd2lkZ2V0TmFtZT1zcF9hdGY%26psc%3D1,N/A
9780471248880,https://www.ebay.com/itm/144649528265?epid=618200&hash=item21adc8a3c9%3Ag%3AOfEAAOSwF6df%7EsH8&amdata=enc%3AAQAIAAAA4FYmatFxyccApfdqWImMfBwZyqAhvDzvL3jWamUXmeLMnMMO8MID44zAETmB8JE9yv4e%2B6yEW8V7%2FGgY7FxcrVkvtK%2FuLSqrZTDXZjVGJGSV0Vq%2FrFQHNBvRqvNDFjeUXXAc%2BLIsDv9eEbjyu7xVwlGYDK4mIJgH3ovQuiyBg0sAwqGeS%2B5MyOIpinHKRdzzoNukBmINWSN1aWm9eVi5eDsn%2F1fE1O49%2FOrVd7g%2FjJwi2zXAII09lFdaFNnItQ48RInomnwoS5G%2FPXI0wYrnRHQK1h%2Bh80v4asnfrUypfN9W%7Ctkp%3ABk9SR6LD9JbUYg&LH_BIN=1,5.14,Price Failed,,https://amazon.com/Invest-Your-SELF-Secrets-Rich-Life-ebook/dp/B000WCV956/ref=sr_1_1?keywords=9780471248880&qid=1694925584&sr=8-1,N/A
9780471248880,https://www.ebay.com/itm/144649528265?epid=618200&hash=item21adc8a3c9%3Ag%3AOfEAAOSwF6df%7EsH8&amdata=enc%3AAQAIAAAA4FYmatFxyccApfdqWImMfBwZyqAhvDzvL3jWamUXmeLMnMMO8MID44zAETmB8JE9yv4e%2B6yEW8V7%2FGgY7FxcrVkvtK%2FuLSqrZTDXZjVGJGSV0Vq%2FrFQHNBvRqvNDFjeUXXAc%2BLIsDv9eEbjyu7xVwlGYDK4mIJgH3ovQuiyBg0sAwqGeS%2B5MyOIpinHKRdzzoNukBmINWSN1aWm9eVi5eDsn%2F1fE1O49%2FOrVd7g%2FjJwi2zXAII09lFdaFNnItQ48RInomnwoS5G%2FPXI0wYrnRHQK1h%2Bh80v4asnfrUypfN9W%7Ctkp%3ABk9SR6LD9JbUYg&LH_BIN=1,5.14,Price Failed,,https://amazon.com/Invest-Your-SELF-Secrets-Rich-Life-ebook/dp/B000WCV956/ref=sr_1_1?keywords=9780471248880&qid=1694925584&sr=8-1,N/A
9780471248880,https://www.ebay.com/itm/144649528265?epid=618200&hash=item21adc8a3c9%3Ag%3AOfEAAOSwF6df%7EsH8&amdata=enc%3AAQAIAAAA4FYmatFxyccApfdqWImMfBwZyqAhvDzvL3jWamUXmeLMnMMO8MID44zAETmB8JE9yv4e%2B6yEW8V7%2FGgY7FxcrVkvtK%2FuLSqrZTDXZjVGJGSV0Vq%2FrFQHNBvRqvNDFjeUXXAc%2BLIsDv9eEbjyu7xVwlGYDK4mIJgH3ovQuiyBg0sAwqGeS%2B5MyOIpinHKRdzzoNukBmINWSN1aWm9eVi5eDsn%2F1fE1O49%2FOrVd7g%2FjJwi2zXAII09lFdaFNnItQ48RInomnwoS5G%2FPXI0wYrnRHQK1h%2Bh80v4asnfrUypfN9W%7Ctkp%3ABk9SR6LD9JbUYg&LH_BIN=1,5.14,Price Failed,,https://amazon.com/Book-Investing-Wisdom-Writings-Stock-Pickers/dp/0471294543/ref=sr_1_1?keywords=9780471294542&qid=1694925602&sr=8-1,N/A
9780471248880,https://www.ebay.com/itm/144649528265?epid=618200&hash=item21adc8a3c9%3Ag%3AOfEAAOSwF6df%7EsH8&amdata=enc%3AAQAIAAAA4FYmatFxyccApfdqWImMfBwZyqAhvDzvL3jWamUXmeLMnMMO8MID44zAETmB8JE9yv4e%2B6yEW8V7%2FGgY7FxcrVkvtK%2FuLSqrZTDXZjVGJGSV0Vq%2FrFQHNBvRqvNDFjeUXXAc%2BLIsDv9eEbjyu7xVwlGYDK4mIJgH3ovQuiyBg0sAwqGeS%2B5MyOIpinHKRdzzoNukBmINWSN1aWm9eVi5eDsn%2F1fE1O49%2FOrVd7g%2FjJwi2zXAII09lFdaFNnItQ48RInomnwoS5G%2FPXI0wYrnRHQK1h%2Bh80v4asnfrUypfN9W%7Ctkp%3ABk9SR6LD9JbUYg&LH_BIN=1,5.14,Price Failed,,https://amazon.com/Book-Investing-Wisdom-Writings-Stock-Pickers/dp/0471294543/ref=sr_1_1?keywords=9780471294542&qid=1694925602&sr=8-1,N/A
9780072339161,https://www.ebay.com/itm/155571984083?hash=item2438d016d3%3Ag%3AMvgAAOSwqdlf%7Ebyc&amdata=enc%3AAQAIAAAAwLioHWNPxALihlafWm7UGMrtSJWbGtBM0qW1MBD8hGH39mbAoRox6osHJrQHb6y5SIEDLOphjkTvjcXP%2F3o7VsaC44CZf4XsNfzoyWl%2Fe3rRrXH2uFvjanE7BhBJR36bVUWjW1JJ%2BBn4YeGA42gzdjg2V689XtuTA6fR0a30S7Mkx4GaSntps7vXhtyRxPOCjARDe%2BsKi6%2FP7gdI7FbW71QFkS%2FkSxzMWa74cKoOB0lmNvkhluRbPk0DDXme7lTMKw%3D%3D%7Ctkp%3ABk9SR6LD9JbUYg&LH_BIN=1,7.21,Price Failed,,https://amazon.com/Investments-Zvi-Bodie/dp/0072339160/ref=sr_1_1?keywords=0072339160&qid=1694925625&sr=8-1,N/A
9780072339161,https://www.ebay.com/itm/155571984083?hash=item2438d016d3%3Ag%3AMvgAAOSwqdlf%7Ebyc&amdata=enc%3AAQAIAAAAwLioHWNPxALihlafWm7UGMrtSJWbGtBM0qW1MBD8hGH39mbAoRox6osHJrQHb6y5SIEDLOphjkTvjcXP%2F3o7VsaC44CZf4XsNfzoyWl%2Fe3rRrXH2uFvjanE7BhBJR36bVUWjW1JJ%2BBn4YeGA42gzdjg2V689XtuTA6fR0a30S7Mkx4GaSntps7vXhtyRxPOCjARDe%2BsKi6%2FP7gdI7FbW71QFkS%2FkSxzMWa74cKoOB0lmNvkhluRbPk0DDXme7lTMKw%3D%3D%7Ctkp%3ABk9SR6LD9JbUYg&LH_BIN=1,7.21,Price Failed,,https://amazon.com/Investments-Zvi-Bodie/dp/0072339160/ref=sr_1_1?keywords=0072339160&qid=1694925625&sr=8-1,N/A
9780072339161,https://www.ebay.com/itm/155571984083?hash=item2438d016d3%3Ag%3AMvgAAOSwqdlf%7Ebyc&amdata=enc%3AAQAIAAAAwLioHWNPxALihlafWm7UGMrtSJWbGtBM0qW1MBD8hGH39mbAoRox6osHJrQHb6y5SIEDLOphjkTvjcXP%2F3o7VsaC44CZf4XsNfzoyWl%2Fe3rRrXH2uFvjanE7BhBJR36bVUWjW1JJ%2BBn4YeGA42gzdjg2V689XtuTA6fR0a30S7Mkx4GaSntps7vXhtyRxPOCjARDe%2BsKi6%2FP7gdI7FbW71QFkS%2FkSxzMWa74cKoOB0lmNvkhluRbPk0DDXme7lTMKw%3D%3D%7Ctkp%3ABk9SR6LD9JbUYg&LH_BIN=1,7.21,Price Failed,,https://amazon.com/Liars-Poker-Rising-Through-Wreckage/dp/0393027503/ref=sr_1_1?keywords=0393027503&qid=1694925642&sr=8-1,N/A
9780072339161,https://www.ebay.com/itm/155571984083?hash=item2438d016d3%3Ag%3AMvgAAOSwqdlf%7Ebyc&amdata=enc%3AAQAIAAAAwLioHWNPxALihlafWm7UGMrtSJWbGtBM0qW1MBD8hGH39mbAoRox6osHJrQHb6y5SIEDLOphjkTvjcXP%2F3o7VsaC44CZf4XsNfzoyWl%2Fe3rRrXH2uFvjanE7BhBJR36bVUWjW1JJ%2BBn4YeGA42gzdjg2V689XtuTA6fR0a30S7Mkx4GaSntps7vXhtyRxPOCjARDe%2BsKi6%2FP7gdI7FbW71QFkS%2FkSxzMWa74cKoOB0lmNvkhluRbPk0DDXme7lTMKw%3D%3D%7Ctkp%3ABk9SR6LD9JbUYg&LH_BIN=1,7.21,Price Failed,,https://amazon.com/Liars-Poker-Rising-Through-Wreckage/dp/0393027503/ref=sr_1_1?keywords=0393027503&qid=1694925642&sr=8-1,N/A
9780375714023,https://www.ebay.com/itm/195262431208?epid=2467898&hash=item2d768c3fe8%3Ag%3AIHYAAOSwGtFf%7EgQ3&amdata=enc%3AAQAIAAAA4CXlPdW9nmWtAcryd27um824BTHvH%2FeVBxC%2BWIL9Mx2VEpfD0A79iYuw04Bw%2FFNJ%2BZNkZSQLbG4Kfwhfv9TVG7pL%2FgMR%2BXGV%2BjK%2BxOtfmXVv6oRrma4qZTpfOKjc%2F3nVvGMCbxzEe7fsd9eTTVi5dtv6wvYDD0XVuxxcJHxPkJObII62OFzeHQ1k2TXadtc2FrH6QAT9IJTObK58eDoO0Pl3%2BGjp5oJa1dUsz0P8kUtaadz3BSSZqc2fjXxeixJ%2Bk%2F4fXGaaTJnJCUEqX9P9zhu%2BlmVc9QLtSdrlU9Cd0za9%7Ctkp%3ABk9SR6LD9JbUYg&LH_BIN=1,4.13,Price Failed,,https://amazon.com/Take-Street-Fight-Financial-Future/dp/0375714022/ref=sr_1_1?keywords=0375714022&qid=1694925666&sr=8-1,N/A
9780375714023,https://www.ebay.com/itm/195262431208?epid=2467898&hash=item2d768c3fe8%3Ag%3AIHYAAOSwGtFf%7EgQ3&amdata=enc%3AAQAIAAAA4CXlPdW9nmWtAcryd27um824BTHvH%2FeVBxC%2BWIL9Mx2VEpfD0A79iYuw04Bw%2FFNJ%2BZNkZSQLbG4Kfwhfv9TVG7pL%2FgMR%2BXGV%2BjK%2BxOtfmXVv6oRrma4qZTpfOKjc%2F3nVvGMCbxzEe7fsd9eTTVi5dtv6wvYDD0XVuxxcJHxPkJObII62OFzeHQ1k2TXadtc2FrH6QAT9IJTObK58eDoO0Pl3%2BGjp5oJa1dUsz0P8kUtaadz3BSSZqc2fjXxeixJ%2Bk%2F4fXGaaTJnJCUEqX9P9zhu%2BlmVc9QLtSdrlU9Cd0za9%7Ctkp%3ABk9SR6LD9JbUYg&LH_BIN=1,4.13,Price Failed,,https://amazon.com/Take-Street-Fight-Financial-Future/dp/0375714022/ref=sr_1_1?keywords=0375714022&qid=1694925666&sr=8-1,N/A
9780375714023,https://www.ebay.com/itm/195262431208?epid=2467898&hash=item2d768c3fe8%3Ag%3AIHYAAOSwGtFf%7EgQ3&amdata=enc%3AAQAIAAAA4CXlPdW9nmWtAcryd27um824BTHvH%2FeVBxC%2BWIL9Mx2VEpfD0A79iYuw04Bw%2FFNJ%2BZNkZSQLbG4Kfwhfv9TVG7pL%2FgMR%2BXGV%2BjK%2BxOtfmXVv6oRrma4qZTpfOKjc%2F3nVvGMCbxzEe7fsd9eTTVi5dtv6wvYDD0XVuxxcJHxPkJObII62OFzeHQ1k2TXadtc2FrH6QAT9IJTObK58eDoO0Pl3%2BGjp5oJa1dUsz0P8kUtaadz3BSSZqc2fjXxeixJ%2Bk%2F4fXGaaTJnJCUEqX9P9zhu%2BlmVc9QLtSdrlU9Cd0za9%7Ctkp%3ABk9SR6LD9JbUYg&LH_BIN=1,4.13,Price Failed,,https://amazon.com/Revolution-Will-Not-Funded-Non-Profit/dp/0896087662/ref=sr_1_1?keywords=0896087662&qid=1694925686&sr=8-1,N/A
9780375714023,https://www.ebay.com/itm/195262431208?epid=2467898&hash=item2d768c3fe8%3Ag%3AIHYAAOSwGtFf%7EgQ3&amdata=enc%3AAQAIAAAA4CXlPdW9nmWtAcryd27um824BTHvH%2FeVBxC%2BWIL9Mx2VEpfD0A79iYuw04Bw%2FFNJ%2BZNkZSQLbG4Kfwhfv9TVG7pL%2FgMR%2BXGV%2BjK%2BxOtfmXVv6oRrma4qZTpfOKjc%2F3nVvGMCbxzEe7fsd9eTTVi5dtv6wvYDD0XVuxxcJHxPkJObII62OFzeHQ1k2TXadtc2FrH6QAT9IJTObK58eDoO0Pl3%2BGjp5oJa1dUsz0P8kUtaadz3BSSZqc2fjXxeixJ%2Bk%2F4fXGaaTJnJCUEqX9P9zhu%2BlmVc9QLtSdrlU9Cd0za9%7Ctkp%3ABk9SR6LD9JbUYg&LH_BIN=1,4.13,Price Failed,,https://amazon.com/Revolution-Will-Not-Funded-Non-Profit/dp/0896087662/ref=sr_1_1?keywords=0896087662&qid=1694925686&sr=8-1,N/A
9780071747059,https://www.ebay.com/itm/304805714777?epid=108959763&hash=item46f7d61b59%3Ag%3ARnoAAOSwT-Rj7AXG&amdata=enc%3AAQAIAAAAwBNhHRRi5%2FTiF%2Bxg8Ut965oPAIVQ15BnM1kZsEy%2Br97b8A93QmHYaOkr4afieB1EyfnaZH%2B3cqZeH6gNu2MQuABfKif%2F91bKRoNRjfUrpCw9vllnbVJseUSog11qFaVzA5IYik5MzQJhU4SaTxDgUjXeh5fZJch2xbAOvENkY5BrWz4ltol17ac16a86Py0dr4cWM5IQiR6%2B9x4aFyGMGKLIeVWwu0EIJ1x6zL3t9%2B6zV1QMYtk0fK8yiqGTBc9GPA%3D%3D%7Ctkp%3ABk9SR6LD9JbUYg&LH_BIN=1,11.76,Price Failed,,https://amazon.com/Four-Pillars-Investing-Building-Portfolio/dp/0071747052/ref=sr_1_1?keywords=0071747052&qid=1694925709&sr=8-1,N/A
9780071747059,https://www.ebay.com/itm/304805714777?epid=108959763&hash=item46f7d61b59%3Ag%3ARnoAAOSwT-Rj7AXG&amdata=enc%3AAQAIAAAAwBNhHRRi5%2FTiF%2Bxg8Ut965oPAIVQ15BnM1kZsEy%2Br97b8A93QmHYaOkr4afieB1EyfnaZH%2B3cqZeH6gNu2MQuABfKif%2F91bKRoNRjfUrpCw9vllnbVJseUSog11qFaVzA5IYik5MzQJhU4SaTxDgUjXeh5fZJch2xbAOvENkY5BrWz4ltol17ac16a86Py0dr4cWM5IQiR6%2B9x4aFyGMGKLIeVWwu0EIJ1x6zL3t9%2B6zV1QMYtk0fK8yiqGTBc9GPA%3D%3D%7Ctkp%3ABk9SR6LD9JbUYg&LH_BIN=1,11.76,Price Failed,,https://amazon.com/Four-Pillars-Investing-Building-Portfolio/dp/0071747052/ref=sr_1_1?keywords=0071747052&qid=1694925709&sr=8-1,N/A
9780071747059,https://www.ebay.com/itm/304805714777?epid=108959763&hash=item46f7d61b59%3Ag%3ARnoAAOSwT-Rj7AXG&amdata=enc%3AAQAIAAAAwBNhHRRi5%2FTiF%2Bxg8Ut965oPAIVQ15BnM1kZsEy%2Br97b8A93QmHYaOkr4afieB1EyfnaZH%2B3cqZeH6gNu2MQuABfKif%2F91bKRoNRjfUrpCw9vllnbVJseUSog11qFaVzA5IYik5MzQJhU4SaTxDgUjXeh5fZJch2xbAOvENkY5BrWz4ltol17ac16a86Py0dr4cWM5IQiR6%2B9x4aFyGMGKLIeVWwu0EIJ1x6zL3t9%2B6zV1QMYtk0fK8yiqGTBc9GPA%3D%3D%7Ctkp%3ABk9SR6LD9JbUYg&LH_BIN=1,11.76,Price Failed,,https://amazon.com/Wall-Street-Money-Machine-Enhancement/dp/0910019703/ref=sr_1_1?keywords=0910019703&qid=1694925728&sr=8-1,N/A
9780071747059,https://www.ebay.com/itm/304805714777?epid=108959763&hash=item46f7d61b59%3Ag%3ARnoAAOSwT-Rj7AXG&amdata=enc%3AAQAIAAAAwBNhHRRi5%2FTiF%2Bxg8Ut965oPAIVQ15BnM1kZsEy%2Br97b8A93QmHYaOkr4afieB1EyfnaZH%2B3cqZeH6gNu2MQuABfKif%2F91bKRoNRjfUrpCw9vllnbVJseUSog11qFaVzA5IYik5MzQJhU4SaTxDgUjXeh5fZJch2xbAOvENkY5BrWz4ltol17ac16a86Py0dr4cWM5IQiR6%2B9x4aFyGMGKLIeVWwu0EIJ1x6zL3t9%2B6zV1QMYtk0fK8yiqGTBc9GPA%3D%3D%7Ctkp%3ABk9SR6LD9JbUYg&LH_BIN=1,11.76,Price Failed,,https://amazon.com/Wall-Street-Money-Machine-Enhancement/dp/0910019703/ref=sr_1_1?keywords=0910019703&qid=1694925728&sr=8-1,N/A
9780515087376,https://www.ebay.com/itm/254527375775?epid=573075&hash=item3b4303899f%3Ag%3ALG8AAOSweVZeVxAN&amdata=enc%3AAQAIAAAA4IMWGv70oWfCJsmadWJ0hNOxrqQjEB%2FYAC7X2THIb6wOleKT6vjQIu8SJv%2F%2B1novJyFfDFuJU%2FlflYeqrCgVSVq9YWdI1ySB04y4m1NGrMQz182183t2tbjZxvngx1OblupXpUHgpWk2ZK%2Bj7QgS%2B4M2cdjZQ0%2FBJaRiFxWst5a8jUNqO2HmrTuFJMRBgii56YyUMi4hWrAGyjosRczdLaMzsDjWM0trDQTCR4CTJ4Ej5SPp6zoeARO7vdaTPW130XhZXpclRQxDGL%2FwLGNtVPi%2FbK3RqyYAzzsnsLk2csVO%7Ctkp%3ABk9SR6LD9JbUYg&LH_BIN=1,4.57,Price Failed,,https://amazon.com/How-Be-Rich-Paul-Getty/dp/0515087378/ref=sr_1_1?keywords=9780515087376&qid=1694925752&sr=8-1,N/A
9780515087376,https://www.ebay.com/itm/254527375775?epid=573075&hash=item3b4303899f%3Ag%3ALG8AAOSweVZeVxAN&amdata=enc%3AAQAIAAAA4IMWGv70oWfCJsmadWJ0hNOxrqQjEB%2FYAC7X2THIb6wOleKT6vjQIu8SJv%2F%2B1novJyFfDFuJU%2FlflYeqrCgVSVq9YWdI1ySB04y4m1NGrMQz182183t2tbjZxvngx1OblupXpUHgpWk2ZK%2Bj7QgS%2B4M2cdjZQ0%2FBJaRiFxWst5a8jUNqO2HmrTuFJMRBgii56YyUMi4hWrAGyjosRczdLaMzsDjWM0trDQTCR4CTJ4Ej5SPp6zoeARO7vdaTPW130XhZXpclRQxDGL%2FwLGNtVPi%2FbK3RqyYAzzsnsLk2csVO%7Ctkp%3ABk9SR6LD9JbUYg&LH_BIN=1,4.57,Price Failed,,https://amazon.com/How-Be-Rich-Paul-Getty/dp/0515087378/ref=sr_1_1?keywords=9780515087376&qid=1694925752&sr=8-1,N/A
9780515087376,https://www.ebay.com/itm/254527375775?epid=573075&hash=item3b4303899f%3Ag%3ALG8AAOSweVZeVxAN&amdata=enc%3AAQAIAAAA4IMWGv70oWfCJsmadWJ0hNOxrqQjEB%2FYAC7X2THIb6wOleKT6vjQIu8SJv%2F%2B1novJyFfDFuJU%2FlflYeqrCgVSVq9YWdI1ySB04y4m1NGrMQz182183t2tbjZxvngx1OblupXpUHgpWk2ZK%2Bj7QgS%2B4M2cdjZQ0%2FBJaRiFxWst5a8jUNqO2HmrTuFJMRBgii56YyUMi4hWrAGyjosRczdLaMzsDjWM0trDQTCR4CTJ4Ej5SPp6zoeARO7vdaTPW130XhZXpclRQxDGL%2FwLGNtVPi%2FbK3RqyYAzzsnsLk2csVO%7Ctkp%3ABk9SR6LD9JbUYg&LH_BIN=1,4.57,Price Failed,,https://amazon.com/Creating-Wealth-Retire-Allens-Principles/dp/0671621009/ref=sr_1_1?keywords=0671621009&qid=1694925773&sr=8-1,N/A
9780515087376,https://www.ebay.com/itm/254527375775?epid=573075&hash=item3b4303899f%3Ag%3ALG8AAOSweVZeVxAN&amdata=enc%3AAQAIAAAA4IMWGv70oWfCJsmadWJ0hNOxrqQjEB%2FYAC7X2THIb6wOleKT6vjQIu8SJv%2F%2B1novJyFfDFuJU%2FlflYeqrCgVSVq9YWdI1ySB04y4m1NGrMQz182183t2tbjZxvngx1OblupXpUHgpWk2ZK%2Bj7QgS%2B4M2cdjZQ0%2FBJaRiFxWst5a8jUNqO2HmrTuFJMRBgii56YyUMi4hWrAGyjosRczdLaMzsDjWM0trDQTCR4CTJ4Ej5SPp6zoeARO7vdaTPW130XhZXpclRQxDGL%2FwLGNtVPi%2FbK3RqyYAzzsnsLk2csVO%7Ctkp%3ABk9SR6LD9JbUYg&LH_BIN=1,4.57,Price Failed,,https://amazon.com/Creating-Wealth-Retire-Allens-Principles/dp/0671621009/ref=sr_1_1?keywords=0671621009&qid=1694925773&sr=8-1,N/A
9781438993188,https://www.ebay.com/itm/374580588916?epid=92415900&hash=item5736be3174%3Ag%3AFH8AAOSwQBdf%7Ez78&amdata=enc%3AAQAIAAAA4DilHI7Z0%2FLGr1tX119u0eBXtO7fNcxbfBmv5nvALdGDoAZtzvKMfQ41DDktgua8HYddvJU%2FauBVJBsOkM0bTbTkT9df2cC7KYcQkSjhxyEtVZgaTqEWNXmVtv6pajoBgdQkuNtJhsxMntAsYIKATFXwByT0gYriQN860mYQnXfcfW8C6VZmH2kQklocW2nXDQAg7mWoeDwek2P%2FNygIwQPXTK7SKqW3rkU%2F1ipY%2BG6Pvyq3KUiz%2BlqvoVkusYMN2TWhHwnIKsnqI0Q4mdvOjieNYMTGsNkE4bB%2F95Bv2ftS%7Ctkp%3ABk9SR6LD9JbUYg&LH_BIN=1,15.03,Price Failed,,https://amazon.com/Renters-Win-Home-Owners-Lose/dp/1438993188/ref=sr_1_1?keywords=1438993188&qid=1694925798&sr=8-1,N/A
9781438993188,https://www.ebay.com/itm/374580588916?epid=92415900&hash=item5736be3174%3Ag%3AFH8AAOSwQBdf%7Ez78&amdata=enc%3AAQAIAAAA4DilHI7Z0%2FLGr1tX119u0eBXtO7fNcxbfBmv5nvALdGDoAZtzvKMfQ41DDktgua8HYddvJU%2FauBVJBsOkM0bTbTkT9df2cC7KYcQkSjhxyEtVZgaTqEWNXmVtv6pajoBgdQkuNtJhsxMntAsYIKATFXwByT0gYriQN860mYQnXfcfW8C6VZmH2kQklocW2nXDQAg7mWoeDwek2P%2FNygIwQPXTK7SKqW3rkU%2F1ipY%2BG6Pvyq3KUiz%2BlqvoVkusYMN2TWhHwnIKsnqI0Q4mdvOjieNYMTGsNkE4bB%2F95Bv2ftS%7Ctkp%3ABk9SR6LD9JbUYg&LH_BIN=1,15.03,Price Failed,,https://amazon.com/Renters-Win-Home-Owners-Lose/dp/1438993188/ref=sr_1_1?keywords=1438993188&qid=1694925798&sr=8-1,N/A
9781438993188,https://www.ebay.com/itm/374580588916?epid=92415900&hash=item5736be3174%3Ag%3AFH8AAOSwQBdf%7Ez78&amdata=enc%3AAQAIAAAA4DilHI7Z0%2FLGr1tX119u0eBXtO7fNcxbfBmv5nvALdGDoAZtzvKMfQ41DDktgua8HYddvJU%2FauBVJBsOkM0bTbTkT9df2cC7KYcQkSjhxyEtVZgaTqEWNXmVtv6pajoBgdQkuNtJhsxMntAsYIKATFXwByT0gYriQN860mYQnXfcfW8C6VZmH2kQklocW2nXDQAg7mWoeDwek2P%2FNygIwQPXTK7SKqW3rkU%2F1ipY%2BG6Pvyq3KUiz%2BlqvoVkusYMN2TWhHwnIKsnqI0Q4mdvOjieNYMTGsNkE4bB%2F95Bv2ftS%7Ctkp%3ABk9SR6LD9JbUYg&LH_BIN=1,15.03,Price Failed,,https://amazon.com/Principles-Securities-Regulation-Revised-Hornbook-ebook/dp/B06XBGBWM9/ref=sr_1_1?keywords=9781683288299&qid=1694925816&sr=8-1,N/A
9781438993188,https://www.ebay.com/itm/374580588916?epid=92415900&hash=item5736be3174%3Ag%3AFH8AAOSwQBdf%7Ez78&amdata=enc%3AAQAIAAAA4DilHI7Z0%2FLGr1tX119u0eBXtO7fNcxbfBmv5nvALdGDoAZtzvKMfQ41DDktgua8HYddvJU%2FauBVJBsOkM0bTbTkT9df2cC7KYcQkSjhxyEtVZgaTqEWNXmVtv6pajoBgdQkuNtJhsxMntAsYIKATFXwByT0gYriQN860mYQnXfcfW8C6VZmH2kQklocW2nXDQAg7mWoeDwek2P%2FNygIwQPXTK7SKqW3rkU%2F1ipY%2BG6Pvyq3KUiz%2BlqvoVkusYMN2TWhHwnIKsnqI0Q4mdvOjieNYMTGsNkE4bB%2F95Bv2ftS%7Ctkp%3ABk9SR6LD9JbUYg&LH_BIN=1,15.03,Price Failed,,https://amazon.com/Principles-Securities-Regulation-Revised-Hornbook-ebook/dp/B06XBGBWM9/ref=sr_1_1?keywords=9781683288299&qid=1694925816&sr=8-1,N/A
9798215216835,https://www.ebay.com/itm/385643448500?hash=item59ca2408b4%3Ag%3AlncAAOSwf2NkcxWQ&amdata=enc%3AAQAIAAAAwPguWm4StC8ybpHJABeRxxlzww8y9VfPnR1mVJN32Ux1wgrbqiFb7q2rT50iXSffnXbv3%2BUsAUlyc07RmM8hLFAL%2Fs3do91Zvcz9uRPL%2BxCeVZsVkyHUe1WAg76Hn6dY3W0tVE5jWHrFs1vbCVA4wJtBDfZTNGvyrTZn8c9n6hDyhgGuJIkYQSDhZv49PiW0UGsU%2BybvLFoVfUF1vRuAAU7flqUnjz6G979EPt9ID8WX76T%2Fr9aCXVht7aUeEpkbMA%3D%3D%7Ctkp%3ABk9SR6LD9JbUYg&LH_BIN=1,19.97,Price Failed,,https://amazon.com/Investing-Stock-Market-Smart-Beginners-ebook/dp/B0C22T1QZ1/ref=sr_1_1?keywords=9798215216835&qid=1694925840&sr=8-1,N/A
9798215216835,https://www.ebay.com/itm/385643448500?hash=item59ca2408b4%3Ag%3AlncAAOSwf2NkcxWQ&amdata=enc%3AAQAIAAAAwPguWm4StC8ybpHJABeRxxlzww8y9VfPnR1mVJN32Ux1wgrbqiFb7q2rT50iXSffnXbv3%2BUsAUlyc07RmM8hLFAL%2Fs3do91Zvcz9uRPL%2BxCeVZsVkyHUe1WAg76Hn6dY3W0tVE5jWHrFs1vbCVA4wJtBDfZTNGvyrTZn8c9n6hDyhgGuJIkYQSDhZv49PiW0UGsU%2BybvLFoVfUF1vRuAAU7flqUnjz6G979EPt9ID8WX76T%2Fr9aCXVht7aUeEpkbMA%3D%3D%7Ctkp%3ABk9SR6LD9JbUYg&LH_BIN=1,19.97,Price Failed,,https://amazon.com/Investing-Stock-Market-Smart-Beginners-ebook/dp/B0C22T1QZ1/ref=sr_1_1?keywords=9798215216835&qid=1694925840&sr=8-1,N/A
9780071786980,https://www.ebay.com/itm/265417506996?epid=109277761&hash=item3dcc1dc0b4%3Ag%3APz8AAOSwRrJhncdk&amdata=enc%3AAQAIAAAA4NzIgb27RIatmPjJC%2FibBy9Bxgpz5IVKz81CvuxSFfoV%2FgAMXo%2FJRncbJFbNCu44UoGJgKFjCtlFlhwwBAy1HW5E38GphfmIQS6JA9U1BHNm8XdDnkUPxRBTeJ4vLgx1dPq8urGb1C7pPly%2F8Oe0P%2B32t31vxNiWzM2ZDbhAAPVJsMzTYCLkQssV3ClcRA7UPU2vxL6vDTpsjtd4PjFk9pwXDt2Ypt9NAVz8ZW%2FEqEJ6lsoc%2FLnO80PA%2BXHLMDi4ZmLQsVURN9uUeElTIQEmsIipqYt57BOp6mx6J0ijXjlY%7Ctkp%3ABk9SR6LD9JbUYg&LH_BIN=1,3.75,Price Failed,,https://amazon.com/Secrets-Getting-Rich-Amazing-Wealth/dp/1630061611/ref=sr_1_1?keywords=1630061611&qid=1694925855&sr=8-1,N/A
9780071786980,https://www.ebay.com/itm/265417506996?epid=109277761&hash=item3dcc1dc0b4%3Ag%3APz8AAOSwRrJhncdk&amdata=enc%3AAQAIAAAA4NzIgb27RIatmPjJC%2FibBy9Bxgpz5IVKz81CvuxSFfoV%2FgAMXo%2FJRncbJFbNCu44UoGJgKFjCtlFlhwwBAy1HW5E38GphfmIQS6JA9U1BHNm8XdDnkUPxRBTeJ4vLgx1dPq8urGb1C7pPly%2F8Oe0P%2B32t31vxNiWzM2ZDbhAAPVJsMzTYCLkQssV3ClcRA7UPU2vxL6vDTpsjtd4PjFk9pwXDt2Ypt9NAVz8ZW%2FEqEJ6lsoc%2FLnO80PA%2BXHLMDi4ZmLQsVURN9uUeElTIQEmsIipqYt57BOp6mx6J0ijXjlY%7Ctkp%3ABk9SR6LD9JbUYg&LH_BIN=1,3.75,Price Failed,,https://amazon.com/Financial-Fitness-Forever-Steps-Money/dp/0071786988/ref=sr_1_1?keywords=9780071786980&qid=1694925866&sr=8-1,N/A
9780071786980,https://www.ebay.com/itm/265417506996?epid=109277761&hash=item3dcc1dc0b4%3Ag%3APz8AAOSwRrJhncdk&amdata=enc%3AAQAIAAAA4NzIgb27RIatmPjJC%2FibBy9Bxgpz5IVKz81CvuxSFfoV%2FgAMXo%2FJRncbJFbNCu44UoGJgKFjCtlFlhwwBAy1HW5E38GphfmIQS6JA9U1BHNm8XdDnkUPxRBTeJ4vLgx1dPq8urGb1C7pPly%2F8Oe0P%2B32t31vxNiWzM2ZDbhAAPVJsMzTYCLkQssV3ClcRA7UPU2vxL6vDTpsjtd4PjFk9pwXDt2Ypt9NAVz8ZW%2FEqEJ6lsoc%2FLnO80PA%2BXHLMDi4ZmLQsVURN9uUeElTIQEmsIipqYt57BOp6mx6J0ijXjlY%7Ctkp%3ABk9SR6LD9JbUYg&LH_BIN=1,3.75,Price Failed,,https://amazon.com/Financial-Fitness-Forever-Steps-Money/dp/0071786988/ref=sr_1_1?keywords=9780071786980&qid=1694925866&sr=8-1,N/A
9781118114018,https://www.ebay.com/itm/382721611523?epid=109034309&hash=item591bfc5703%3Ag%3Ap7AAAOSwMhVcNy4y&amdata=enc%3AAQAIAAAAwBg%2FLB6Id3cFVfA5C8rHL7nwwRgwH1ynqVKg84LnnAugqS9QwueWyR37QtWUvxW8BuQXYjgzeBmIqTJrIPdaO%2FzyhXVJe1vFQppjeiKCuHyhJPFWgBTK3x%2BNTtCP0OcdWF2WCO1dBtU%2BvQCfyw9zc19HycMbHncrj7X2cl3dWIFhdgYnK2FDygiMio5S5QBZt6aWl5gdVQQM6pvpz%2FPFAs0MA5lyVCZEIKKGyFxPXiBIruL6M5Gp2RnfhKbwV9J1iA%3D%3D%7Ctkp%3ABk9SR6DD9JbUYg&LH_BIN=1,49.99,Price Failed,,https://amazon.com/Naked-Forex-High-Probability-Techniques-Indicators/dp/1118114019/ref=sr_1_1?keywords=1118114019&qid=1694925888&sr=8-1,N/A
9781118114018,https://www.ebay.com/itm/382721611523?epid=109034309&hash=item591bfc5703%3Ag%3Ap7AAAOSwMhVcNy4y&amdata=enc%3AAQAIAAAAwBg%2FLB6Id3cFVfA5C8rHL7nwwRgwH1ynqVKg84LnnAugqS9QwueWyR37QtWUvxW8BuQXYjgzeBmIqTJrIPdaO%2FzyhXVJe1vFQppjeiKCuHyhJPFWgBTK3x%2BNTtCP0OcdWF2WCO1dBtU%2BvQCfyw9zc19HycMbHncrj7X2cl3dWIFhdgYnK2FDygiMio5S5QBZt6aWl5gdVQQM6pvpz%2FPFAs0MA5lyVCZEIKKGyFxPXiBIruL6M5Gp2RnfhKbwV9J1iA%3D%3D%7Ctkp%3ABk9SR6DD9JbUYg&LH_BIN=1,49.99,Price Failed,,https://amazon.com/Naked-Forex-High-Probability-Techniques-Indicators/dp/1118114019/ref=sr_1_1?keywords=1118114019&qid=1694925888&sr=8-1,N/A
9781118114018,https://www.ebay.com/itm/382721611523?epid=109034309&hash=item591bfc5703%3Ag%3Ap7AAAOSwMhVcNy4y&amdata=enc%3AAQAIAAAAwBg%2FLB6Id3cFVfA5C8rHL7nwwRgwH1ynqVKg84LnnAugqS9QwueWyR37QtWUvxW8BuQXYjgzeBmIqTJrIPdaO%2FzyhXVJe1vFQppjeiKCuHyhJPFWgBTK3x%2BNTtCP0OcdWF2WCO1dBtU%2BvQCfyw9zc19HycMbHncrj7X2cl3dWIFhdgYnK2FDygiMio5S5QBZt6aWl5gdVQQM6pvpz%2FPFAs0MA5lyVCZEIKKGyFxPXiBIruL6M5Gp2RnfhKbwV9J1iA%3D%3D%7Ctkp%3ABk9SR6DD9JbUYg&LH_BIN=1,49.99,Price Failed,,https://amazon.com/Diary-Very-Bad-Year-Confessions/dp/0061965308/ref=sr_1_1?keywords=0061965308&qid=1694925908&sr=8-1,N/A
9781118114018,https://www.ebay.com/itm/382721611523?epid=109034309&hash=item591bfc5703%3Ag%3Ap7AAAOSwMhVcNy4y&amdata=enc%3AAQAIAAAAwBg%2FLB6Id3cFVfA5C8rHL7nwwRgwH1ynqVKg84LnnAugqS9QwueWyR37QtWUvxW8BuQXYjgzeBmIqTJrIPdaO%2FzyhXVJe1vFQppjeiKCuHyhJPFWgBTK3x%2BNTtCP0OcdWF2WCO1dBtU%2BvQCfyw9zc19HycMbHncrj7X2cl3dWIFhdgYnK2FDygiMio5S5QBZt6aWl5gdVQQM6pvpz%2FPFAs0MA5lyVCZEIKKGyFxPXiBIruL6M5Gp2RnfhKbwV9J1iA%3D%3D%7Ctkp%3ABk9SR6DD9JbUYg&LH_BIN=1,49.99,Price Failed,,https://amazon.com/Diary-Very-Bad-Year-Confessions/dp/0061965308/ref=sr_1_1?keywords=0061965308&qid=1694925908&sr=8-1,N/A
9781933914022,https://www.ebay.com/itm/193285918779?epid=57023849&hash=item2d00bd103b%3Ag%3AK0MAAOSwAkpf%7E5Yx&amdata=enc%3AAQAIAAAAwM9E%2Bbh7U2MLp7se06pTU7IEYK9f0RunDffNLnmy9vOtuBY4k%2F8MEPEfomrA7bFpSczRja6tnRvp7RNGRc7LwlAJdU7a0AbAiUXt%2FT6Et9nAGzB%2Fqd5QiqM8jMtp1%2FeHJyDllOMldhvDNPn6CufcFnT4k%2BcZ%2Bz5KR29q38H5aferrzkXINVF%2FSZ9MtUq8EK20UCWx9XrmM%2FKiuo6PdhJk%2FHce9Hv6MFoL6%2BIsdTP%2Fuc9AAaj%2BwDoMFzlQxL8L8GE2Q%3D%3D%7Ctkp%3ABk9SR6DD9JbUYg&LH_BIN=1,4.99,Price Failed,,https://amazon.com/Why-We-Want-You-to-Be-Rich-audiobook/dp/B000JJ4OOA/ref=sr_1_1?keywords=9781933914022&qid=1694925932&sr=8-1,N/A
9781933914022,https://www.ebay.com/itm/193285918779?epid=57023849&hash=item2d00bd103b%3Ag%3AK0MAAOSwAkpf%7E5Yx&amdata=enc%3AAQAIAAAAwM9E%2Bbh7U2MLp7se06pTU7IEYK9f0RunDffNLnmy9vOtuBY4k%2F8MEPEfomrA7bFpSczRja6tnRvp7RNGRc7LwlAJdU7a0AbAiUXt%2FT6Et9nAGzB%2Fqd5QiqM8jMtp1%2FeHJyDllOMldhvDNPn6CufcFnT4k%2BcZ%2Bz5KR29q38H5aferrzkXINVF%2FSZ9MtUq8EK20UCWx9XrmM%2FKiuo6PdhJk%2FHce9Hv6MFoL6%2BIsdTP%2Fuc9AAaj%2BwDoMFzlQxL8L8GE2Q%3D%3D%7Ctkp%3ABk9SR6DD9JbUYg&LH_BIN=1,4.99,Price Failed,,https://amazon.com/Why-We-Want-You-to-Be-Rich-audiobook/dp/B000JJ4OOA/ref=sr_1_1?keywords=9781933914022&qid=1694925932&sr=8-1,N/A
9781933914022,https://www.ebay.com/itm/193285918779?epid=57023849&hash=item2d00bd103b%3Ag%3AK0MAAOSwAkpf%7E5Yx&amdata=enc%3AAQAIAAAAwM9E%2Bbh7U2MLp7se06pTU7IEYK9f0RunDffNLnmy9vOtuBY4k%2F8MEPEfomrA7bFpSczRja6tnRvp7RNGRc7LwlAJdU7a0AbAiUXt%2FT6Et9nAGzB%2Fqd5QiqM8jMtp1%2FeHJyDllOMldhvDNPn6CufcFnT4k%2BcZ%2Bz5KR29q38H5aferrzkXINVF%2FSZ9MtUq8EK20UCWx9XrmM%2FKiuo6PdhJk%2FHce9Hv6MFoL6%2BIsdTP%2Fuc9AAaj%2BwDoMFzlQxL8L8GE2Q%3D%3D%7Ctkp%3ABk9SR6DD9JbUYg&LH_BIN=1,4.99,Price Failed,,https://amazon.com/American-Hedge-Fund-Million-Operator/dp/0979549701/ref=sr_1_1?keywords=0979549701&qid=1694925955&sr=8-1,N/A
9781933914022,https://www.ebay.com/itm/193285918779?epid=57023849&hash=item2d00bd103b%3Ag%3AK0MAAOSwAkpf%7E5Yx&amdata=enc%3AAQAIAAAAwM9E%2Bbh7U2MLp7se06pTU7IEYK9f0RunDffNLnmy9vOtuBY4k%2F8MEPEfomrA7bFpSczRja6tnRvp7RNGRc7LwlAJdU7a0AbAiUXt%2FT6Et9nAGzB%2Fqd5QiqM8jMtp1%2FeHJyDllOMldhvDNPn6CufcFnT4k%2BcZ%2Bz5KR29q38H5aferrzkXINVF%2FSZ9MtUq8EK20UCWx9XrmM%2FKiuo6PdhJk%2FHce9Hv6MFoL6%2BIsdTP%2Fuc9AAaj%2BwDoMFzlQxL8L8GE2Q%3D%3D%7Ctkp%3ABk9SR6DD9JbUYg&LH_BIN=1,4.99,Price Failed,,https://amazon.com/American-Hedge-Fund-Million-Operator/dp/0979549701/ref=sr_1_1?keywords=0979549701&qid=1694925955&sr=8-1,N/A
9780812927894,https://www.ebay.com/itm/285476872463?epid=784372&hash=item4277bf610f%3Ag%3AzxsAAOSwygBf%7E17F&amdata=enc%3AAQAIAAAAwHf6i%2BXC1lU%2FnyLhidgdQLevVoIBrRq0rq%2B2USbSxOn5EYumc%2BYOS79jGC9Ku0vmsM7I6HZTA0PZJVK7UP10naQE%2FhBcqi6MKUODpffz9Nem%2BdTMt53aQ80I%2BvMSgMU%2Bi5ezxTAfwY9C%2BjvoHQvH5cAizh64Ytsm2vnqxNNgBz0S0Z3gGyirFNCH7Y9eUp6fCSRivmGN9FqRVybR9RYSv8EFhLNv%2Fm6tXaM043L3oTWWC0%2BeJTYmXM38JUy9QILGaw%3D%3D%7Ctkp%3ABk9SR6DD9JbUYg&LH_BIN=1,15.63,Price Failed,,https://amazon.com/Riding-Bull-Madness-Merrill-Lynch/dp/0812927893/ref=sr_1_1?keywords=0812927893&qid=1694925979&sr=8-1,N/A
9780812927894,https://www.ebay.com/itm/285476872463?epid=784372&hash=item4277bf610f%3Ag%3AzxsAAOSwygBf%7E17F&amdata=enc%3AAQAIAAAAwHf6i%2BXC1lU%2FnyLhidgdQLevVoIBrRq0rq%2B2USbSxOn5EYumc%2BYOS79jGC9Ku0vmsM7I6HZTA0PZJVK7UP10naQE%2FhBcqi6MKUODpffz9Nem%2BdTMt53aQ80I%2BvMSgMU%2Bi5ezxTAfwY9C%2BjvoHQvH5cAizh64Ytsm2vnqxNNgBz0S0Z3gGyirFNCH7Y9eUp6fCSRivmGN9FqRVybR9RYSv8EFhLNv%2Fm6tXaM043L3oTWWC0%2BeJTYmXM38JUy9QILGaw%3D%3D%7Ctkp%3ABk9SR6DD9JbUYg&LH_BIN=1,15.63,Price Failed,,https://amazon.com/Riding-Bull-Madness-Merrill-Lynch/dp/0812927893/ref=sr_1_1?keywords=0812927893&qid=1694925979&sr=8-1,N/A
